City_ID,City,Lat,Lng,Max Temp,Humidity,Cloudiness,Wind Speed,Country,Date
0,chonchi,-42.6128,-73.8092,17.29,81,98,2.61,CL,1735258153
1,college,64.8569,-147.8028,-15.85,70,100,0.0,US,1735258154
2,port-aux-francais,-49.35,70.2167,5.17,81,70,15.62,TF,1735258155
3,nagqu,31.5,92.0,-14.76,34,0,0.9,CN,1735258156
4,shaowu,27.3409,117.4831,10.36,71,100,1.12,CN,1735258158
5,san antonio de pale,-1.4014,5.6325,26.29,80,65,1.04,GQ,1735258159
6,aykhal,66.0,111.5,-22.37,99,100,1.87,RU,1735258160
7,berezovo,63.9381,65.0419,-11.08,96,84,3.53,RU,1735258161
8,whitehorse,60.7161,-135.0538,-6.88,94,100,3.93,CA,1735258162
9,ghanzi,-21.5667,21.7833,22.4,76,93,4.43,BW,1735258163
10,yamethin,20.4333,96.15,17.71,81,12,2.42,MM,1735258164
11,susuman,62.7833,148.1667,-24.29,96,100,2.01,RU,1735258166
12,stanley,54.868,-1.6985,6.01,100,100,2.06,GB,1735258167
13,vilyuchinsk,52.9306,158.4028,-11.85,83,97,1.96,RU,1735258168
14,weno,7.4515,151.8468,29.97,79,100,3.6,FM,1735258169
15,yellowknife,62.456,-114.3525,-14.47,97,99,2.99,CA,1735258086
16,mogadishu,2.0371,45.3438,24.3,77,61,8.6,SO,1735257920
17,waitangi,-43.9535,-176.5597,16.57,99,100,2.24,NZ,1735258173
18,lebu,-37.6167,-73.65,14.68,91,5,7.6,CL,1735258174
19,saipan,15.1355,145.701,31.39,80,40,5.14,MP,1735258175
20,kapuskasing,49.4169,-82.4331,-2.86,88,100,3.85,CA,1735258176
21,adamstown,-25.066,-130.1015,24.73,74,11,3.99,PN,1735258177
22,talnakh,69.4865,88.3972,-25.78,97,77,4.63,RU,1735258179
23,yelizovo,53.1873,158.3805,-11.92,67,75,4.0,RU,1735258180
24,harper,4.375,-7.7169,26.44,82,31,2.28,LR,1735258181
25,iskateley,67.6803,53.1512,-4.82,94,100,4.46,RU,1735258182
26,afaahiti,-17.75,-149.2833,26.43,76,100,5.99,PF,1735258183
27,xilin hot,43.9667,116.0333,-17.79,80,76,5.05,CN,1735258184
28,paraiso,9.8383,-83.8656,19.12,99,100,1.66,CR,1735258185
29,constantia,44.1833,28.65,1.5,76,99,9.43,RO,1735258186
30,howard springs,-12.497,131.047,33.26,71,89,0.91,AU,1735258188
31,srivardhan,18.0333,73.0167,22.44,78,21,2.82,IN,1735258189
32,plastun,44.7561,136.2939,-15.81,55,82,6.11,RU,1735258190
33,albany,42.6001,-73.9662,-8.53,86,5,0.76,US,1735258191
34,port alfred,-33.5906,26.891,25.31,64,79,5.1,ZA,1735258192
35,avarua,-21.2078,-159.775,28.03,89,100,4.12,CK,1735258194
36,mthatha,-31.5889,28.7844,19.08,80,100,2.16,ZA,1735258195
37,malango,-2.9627,119.9001,22.93,79,100,0.59,ID,1735258196
38,blackmans bay,-43.0167,147.3167,18.07,55,76,3.13,AU,1735258197
39,belmonte,-15.8631,-38.8828,25.16,80,69,4.13,BR,1735258198
40,muisne,0.6,-80.0333,24.55,82,66,4.19,EC,1735258199
41,lodja,-3.4833,23.4333,20.5,99,99,0.31,CD,1735258201
42,fort bragg,35.139,-79.006,8.28,67,100,0.45,US,1735258202
43,margaret river,-33.95,115.0667,18.33,59,68,3.93,AU,1735258203
44,salto de agua,17.6167,-92.3667,23.42,90,32,0.96,MX,1735258204
45,waiuku,-37.25,174.75,20.93,66,24,6.31,NZ,1735258205
46,camabatela,-8.1881,15.375,16.23,98,86,0.45,AO,1735258206
47,upington,-28.4478,21.2561,25.27,51,66,2.04,ZA,1735258208
48,slave lake,55.2834,-114.769,-2.99,85,100,2.44,CA,1735258209
49,wailua homesteads,22.0669,-159.378,26.74,73,20,3.09,US,1735258210
50,la'ie,21.6477,-157.9253,28.39,67,77,0.89,US,1735258211
51,oxapampa,-10.5775,-75.4017,15.98,99,98,0.68,PE,1735258212
52,tevriz,57.509,72.4042,-7.22,95,100,2.92,RU,1735258214
53,ca mau,9.1769,105.15,24.92,89,71,3.03,VN,1735257948
54,west island,-12.1568,96.8225,26.99,94,75,2.57,CC,1735258216
55,karratha,-20.7377,116.8463,32.36,51,50,4.0,AU,1735258217
56,bilibino,68.0546,166.4372,-36.55,100,100,1.03,RU,1735258220
57,puerto natales,-51.7236,-72.4875,10.3,62,47,6.18,CL,1735258221
58,smithers,54.7804,-127.1743,-1.12,98,100,0.45,CA,1735258222
59,kasempa,-13.4584,25.8338,18.19,90,41,1.49,ZM,1735258223
60,lobujya,27.95,86.8167,-11.81,23,0,1.89,NP,1735258226
61,hawaiian paradise park,19.5933,-154.9731,27.73,76,75,5.66,US,1735258227
62,orenburg,51.7727,55.0988,-2.99,97,79,2.82,RU,1735258228
63,guerrero negro,27.9769,-114.0611,16.66,68,57,5.29,MX,1735258229
64,gua musang,4.8823,101.9644,22.33,95,72,0.41,MY,1735258230
65,harstad,68.799,16.5293,0.9,96,100,8.49,NO,1735258231
66,grytviken,-54.2811,-36.5092,7.54,82,97,2.1,GS,1735258233
67,port elizabeth,-33.918,25.5701,25.73,83,90,0.45,ZA,1735258234
68,nova sintra,14.8667,-24.7167,23.84,74,4,3.74,CV,1735258235
69,bethel,41.3712,-73.414,-1.91,71,0,1.54,US,1735257983
70,puerto ayora,-0.7393,-90.3518,23.27,84,66,3.87,EC,1735258237
71,wakkanai,45.4094,141.6739,-5.01,80,75,11.83,JP,1735258238
72,codrington,-38.2667,141.9667,14.3,59,89,6.79,AU,1735258239
73,pisco,-13.7,-76.2167,22.03,73,15,5.66,PE,1735258241
74,kodiak,57.79,-152.4072,0.73,86,0,1.54,US,1735258095
75,papatowai,-46.5619,169.4708,16.24,58,12,4.42,NZ,1735258243
76,takoradi,4.8845,-1.7554,26.65,86,7,3.18,GH,1735258179
77,yamrat,10.1116,9.826,17.09,18,26,1.91,NG,1735258245
78,rabo de peixe,37.8,-25.5833,17.77,99,20,2.06,PT,1735258246
79,papao,-17.75,-149.55,29.82,71,99,5.54,PF,1735258248
80,coahuayana de hidalgo,18.7,-103.6583,23.68,46,0,1.52,MX,1735258249
81,kegeyli shahar,42.7767,59.6078,-1.37,80,62,3.31,UZ,1735258250
82,atkarsk,51.8718,45.0078,-14.54,99,40,0.84,RU,1735258251
83,kudymkar,59.0173,54.656,-2.67,92,99,4.7,RU,1735258252
84,bredasdorp,-34.5322,20.0403,21.35,91,39,3.73,ZA,1735258253
85,minas de marcona,-15.2119,-75.1103,17.51,70,36,4.19,PE,1735258254
86,dudinka,69.4058,86.1778,-27.53,99,95,2.98,RU,1735258256
87,port lincoln,-34.7333,135.8667,16.12,58,86,6.39,AU,1735258257
88,puerto leguizamo,-0.1934,-74.7819,26.67,75,99,1.19,CO,1735258258
89,fale old settlement,-9.3852,-171.2468,28.27,72,99,5.66,TK,1735258259
90,badger,64.8,-147.5333,-15.9,77,0,0.0,US,1735258260
91,lihue,21.9789,-159.3672,27.08,75,20,3.09,US,1735258262
92,island harbour,50.724,-1.2758,8.88,72,98,2.68,GB,1735258263
93,ushuaia,-54.8,-68.3,7.82,86,97,1.13,AR,1735258090
94,leer,53.2316,7.461,6.08,97,100,1.2,DE,1735258265
95,tvoroyri,61.5556,-6.8111,7.52,72,93,12.89,FO,1735258266
96,invercargill,-46.4,168.35,18.34,63,23,2.68,NZ,1735258267
97,sisimiut,66.9395,-53.6735,-18.3,89,100,3.13,GL,1735258268
98,hadibu,12.65,54.0333,23.25,74,18,5.74,YE,1735258270
99,adrar,20.5022,-10.0711,21.89,20,100,3.41,MR,1735258271
100,atafu village,-8.5421,-172.5159,28.26,72,100,7.08,TK,1735258272
101,piracuruca,-3.9281,-41.7092,26.83,69,31,3.19,BR,1735258273
102,chegdomyn,51.1167,133.0167,-32.04,99,95,0.39,RU,1735258274
103,pierre,44.3683,-100.351,5.15,65,0,4.12,US,1735258025
104,ancud,-41.8697,-73.8203,15.26,88,100,1.63,CL,1735258276
105,anaconda,46.1285,-112.9423,-0.37,82,93,4.0,US,1735258278
106,hermanus,-34.4187,19.2345,19.89,92,17,5.78,ZA,1735258279
107,hami,42.8,93.45,-11.68,55,0,0.65,CN,1735258280
108,stjordalshalsen,63.4681,10.9262,5.0,70,75,5.14,NO,1735258281
109,loukhi,66.0764,33.0381,-0.8,77,5,6.34,RU,1735258282
110,port douglas,-16.4833,145.4667,27.72,72,89,2.65,AU,1735258283
111,mount isa,-20.7333,139.5,33.87,49,3,5.66,AU,1735258285
112,mielec,50.2871,21.4239,-1.23,85,10,0.48,PL,1735258089
113,calvinia,-31.4707,19.776,21.43,44,30,2.14,ZA,1735258288
114,khulm,36.6974,67.6983,5.78,52,5,2.03,AF,1735258289
115,edinburgh of the seven seas,-37.0676,-12.3116,14.57,70,33,7.38,SH,1735258290
116,hantsavichy,52.758,26.43,1.48,95,100,2.68,BY,1735258291
117,rongelap,11.1635,166.8941,27.71,72,97,8.86,MH,1735258293
118,klyuchi,52.2667,79.1667,-10.19,73,100,6.27,RU,1735258294
119,port mathurin,-19.6833,63.4167,25.56,81,77,6.65,MU,1735258295
120,rhinelander,45.6366,-89.4121,0.09,93,100,2.57,US,1735258296
121,brisas de zicatela,15.8369,-97.0419,28.29,74,40,4.12,MX,1735258297
122,cill airne,52.05,-9.5167,10.77,98,100,1.4,IE,1735258143
123,punta arenas,-53.15,-70.9167,11.06,62,20,11.32,CL,1735258299
124,prabumulih,-3.45,104.25,24.24,97,100,0.64,ID,1735258301
125,tralee,52.2704,-9.7026,10.62,96,100,1.83,IE,1735258302
126,zlatoust,55.1711,59.6508,-9.2,94,99,5.36,RU,1735258303
127,east london,-33.0153,27.9116,23.53,72,67,5.03,ZA,1735258304
128,rodna,47.4167,24.8167,1.63,77,99,2.14,RO,1735258305
129,aksu,41.1231,80.2644,-12.14,90,57,0.89,CN,1735258306
130,ubinskoye,55.3068,79.6802,-11.51,89,100,4.83,RU,1735258308
131,olonkinbyen,70.9221,-8.7187,-4.39,60,100,10.28,SJ,1735258309
132,callao,-12.0667,-77.15,25.4,60,0,6.17,PE,1735258310
133,la passe,45.5549,-0.8967,5.88,84,1,2.66,FR,1735258311
134,udachny,66.4167,112.4,-24.42,98,100,1.53,RU,1735258313
135,copala,16.65,-98.9833,25.52,68,0,3.69,MX,1735258314
136,margate,51.3813,1.3862,7.05,92,64,0.45,GB,1735258315
137,shendi,16.6915,33.4341,20.8,39,3,4.68,SD,1735258316
138,kingscliff,-28.2667,153.5667,28.86,54,1,8.23,AU,1735258317
139,taulaga,-11.0553,-171.0883,28.45,71,99,5.08,AS,1735258318
140,martuk,50.7475,56.5056,-1.17,98,100,4.73,KZ,1735258319
141,iqaluit,63.7506,-68.5145,-29.06,61,49,1.34,CA,1735258321
142,talara,-4.5772,-81.2719,23.42,73,75,6.17,PE,1735258322
143,san patricio,28.017,-97.5169,23.97,76,66,2.8,US,1735258323
144,floresta,-8.6011,-38.5686,28.39,43,52,9.83,BR,1735258267
145,puerto baquerizo moreno,-0.9,-89.6,22.93,87,32,5.42,EC,1735258209
146,hithadhoo,-0.6,73.0833,27.27,79,100,4.51,MV,1735258198
147,alvarado,18.7667,-95.7667,23.43,86,0,4.05,MX,1735258327
148,mutoko,-17.397,32.2268,18.62,87,79,1.12,ZW,1735258329
149,sogndal,61.2283,7.1003,5.21,87,75,0.0,NO,1735258330
150,keetmanshoop,-26.5833,18.1333,25.57,34,89,4.13,NA,1735258331
151,areia branca,-4.9561,-37.1369,28.02,66,89,10.17,BR,1735258332
152,ayorou,14.7308,0.9174,21.67,12,69,4.61,NE,1735258333
153,port saint john's,-31.6229,29.5448,23.49,78,100,4.2,ZA,1735258334
154,jamestown,42.097,-79.2353,1.8,86,100,1.54,US,1735258336
155,mejit,10.2753,170.8646,27.2,77,59,9.23,MH,1735258337
156,luderitz,-26.6481,15.1594,16.23,92,1,3.37,NA,1735258067
157,lompoc,34.6391,-120.4579,17.79,84,75,5.14,US,1735258339
158,grand falls-windsor,48.9332,-55.6649,-7.39,97,8,1.82,CA,1735258341
159,bac lieu,9.285,105.7244,25.78,86,67,6.2,VN,1735258344
160,st. john's,47.5649,-52.7093,2.76,96,100,11.18,CA,1735258310
161,port moresby,-9.4431,147.1797,29.7,66,56,2.84,PG,1735258346
162,strezhevoy,60.7333,77.5889,-7.5,95,100,5.05,RU,1735258347
163,sept-iles,50.2001,-66.3821,-6.64,87,25,0.45,CA,1735258142
164,muli,2.9167,73.5667,27.62,77,100,5.52,MV,1735258350
165,taft,31.7471,54.2088,4.32,36,0,1.67,IR,1735258351
166,gloucester,51.8657,-2.2431,5.8,93,95,0.45,GB,1735258352
167,as sulayyil,20.4607,45.5779,15.23,42,1,3.79,SA,1735258353
168,mount gambier,-37.8333,140.7667,14.41,58,71,4.27,AU,1735258354
169,isafjordur,66.0755,-23.124,0.66,94,100,4.01,IS,1735258355
170,san miguel de cauri,-10.1,-76.5833,8.2,89,89,2.41,PE,1735258357
171,sandnessjoen,66.0217,12.6316,7.06,76,75,10.8,NO,1735258358
172,polyarnyy,69.1989,33.4478,-0.07,76,45,15.85,RU,1735258359
173,remire-montjoly,4.9167,-52.2667,24.02,100,0,1.54,GF,1735258360
174,amassoma,4.9692,6.1097,25.46,87,40,1.83,NG,1735258361
175,huaibei,33.9744,116.7917,-0.11,46,2,0.97,CN,1735258363
176,alice springs,-23.7,133.8833,24.75,78,20,7.2,AU,1735258364
177,thompson,55.7435,-97.8558,-8.61,98,100,1.64,CA,1735258365
178,keflavik,64.0049,-22.5624,4.24,87,75,12.35,IS,1735258366
179,christchurch,-43.5333,172.6333,16.64,66,100,8.23,NZ,1735258367
180,kingston,17.997,-76.7936,25.09,89,75,1.34,JM,1735258311
181,aguascalientes,21.8833,-102.3,20.97,17,0,2.57,MX,1735258370
182,scottburgh,-30.2867,30.7532,21.59,91,89,6.65,ZA,1735258371
183,posse,-14.0931,-46.3694,20.97,88,100,0.45,BR,1735258372
184,ilulissat,69.2167,-51.1,-15.99,60,100,6.17,GL,1735258373
185,sambava,-14.2667,50.1667,24.41,81,97,2.99,MG,1735258374
186,zaozersk,69.4005,32.4476,-0.86,80,66,16.23,RU,1735258375
187,gorontalo,0.5412,123.0595,26.77,83,99,0.38,ID,1735258376
188,kapa'a,22.0752,-159.319,27.49,73,20,3.09,US,1735258365
189,christiana,-27.914,25.1611,22.33,62,37,4.11,ZA,1735258171
190,katsuura,35.1333,140.3,10.64,52,67,2.31,JP,1735258380
191,mrakovo,52.7161,56.6244,-9.71,99,99,1.28,RU,1735258383
192,melfi,40.9965,15.6514,5.48,88,95,4.4,IT,1735258384
193,vadso,70.0744,29.7487,1.09,75,0,15.43,NO,1735258385
194,longyearbyen,78.2186,15.6401,-3.09,80,75,1.54,SJ,1735258387
195,floro,61.5996,5.0328,6.98,81,100,5.14,NO,1735258388
196,federal,-30.9547,-58.7833,22.98,29,0,3.67,AR,1735258389
197,toliara,-23.35,43.6667,26.21,74,1,2.07,MG,1735258390
198,faya-largeau,17.9257,19.1043,17.2,21,100,9.59,TD,1735258391
199,fuglafjordur,62.244,-6.814,5.8,76,44,10.92,FO,1735258393
200,vilyuysk,63.7553,121.6247,-32.17,100,100,1.29,RU,1735258395
201,novo aripuana,-5.1206,-60.3797,23.66,97,100,0.39,BR,1735258396
202,kaa-khem,51.6833,94.7333,-27.27,95,52,1.14,RU,1735258397
203,maceio,-9.6658,-35.7353,24.69,83,20,2.06,BR,1735258398
204,georgetown,5.4112,100.3354,27.96,76,20,2.57,MY,1735258359
205,lucapon,15.6998,119.932,27.44,70,100,1.81,PH,1735258400
206,masterton,-40.9597,175.6575,15.77,63,99,8.63,NZ,1735258401
207,cabedelo,-6.9811,-34.8339,25.37,70,86,5.8,BR,1735258390
208,ribeira grande,38.5167,-28.7,18.21,81,98,4.92,PT,1735258405
209,salym,60.0625,71.4789,-8.3,95,100,3.95,RU,1735258406
210,aginskoye,51.1,114.53,-14.97,81,51,7.59,RU,1735258333
211,petropavlovsk-kamchatsky,53.0452,158.6483,-12.67,67,75,4.0,RU,1735258408
212,camalu,30.85,-116.0667,15.34,69,95,4.42,MX,1735258410
213,dazhou,31.2159,107.5009,5.26,84,39,1.35,CN,1735258411
214,coquimbo,-29.9533,-71.3436,16.85,71,20,4.63,CL,1735258121
215,cameta,-2.2444,-49.4958,25.12,88,54,2.56,BR,1735258413
216,nueva loja,0.0847,-76.8828,25.71,76,64,0.26,EC,1735258414
217,howrah,22.5892,88.3103,17.0,77,0,2.57,IN,1735258218
218,carnarvon,-24.8667,113.6333,26.15,30,0,9.21,AU,1735258417
219,guarapari,-20.6667,-40.4975,24.6,87,81,6.29,BR,1735258317
220,leticia,-4.2153,-69.9406,22.26,99,100,0.22,CO,1735258420
221,kangding,30.0513,101.9603,3.62,49,0,3.14,CN,1735258421
222,clarkston heights-vineland,46.3874,-117.083,10.8,58,75,4.12,US,1735258422
223,namibe,-15.1961,12.1522,22.97,78,100,1.12,AO,1735258423
224,hamilton,39.1834,-84.5333,10.49,81,75,2.06,US,1735258302
225,gunjur,13.2019,-16.7339,25.33,55,56,6.62,GM,1735258426
226,oeiras do para,-2.0031,-49.8544,23.68,94,68,1.72,BR,1735258340
227,ghat,24.9647,10.1728,8.65,43,65,0.91,LY,1735258428
228,newman,37.3138,-121.0208,12.81,81,98,1.34,US,1735258429
229,souillac,-20.5167,57.5167,24.18,76,3,3.21,MU,1735258430
230,kununurra,-15.7667,128.7333,30.99,79,62,1.54,AU,1735258433
231,fort saskatchewan,53.7168,-113.2187,-2.95,89,100,1.11,CA,1735258434
232,san juan de miraflores,-12.1629,-76.9635,24.54,69,35,3.17,PE,1735258435
233,naze,28.3667,129.4833,15.32,60,54,5.75,JP,1735258436
234,crane,31.3974,-102.3501,14.71,30,13,3.84,US,1735258437
235,high rock,26.6208,-78.2833,23.02,77,100,6.49,BS,1735258438
236,el porvenir,13.7617,-87.3458,24.23,70,96,0.74,HN,1735258439
237,qaqortoq,60.7167,-46.0333,-13.61,71,3,9.16,GL,1735258441
238,flying fish cove,-10.4217,105.6791,25.82,94,95,1.54,CX,1735258442
239,anadyr,64.75,177.4833,-32.72,74,0,5.0,RU,1735258443
240,lensk,60.7253,114.9278,-13.86,94,100,3.26,RU,1735258444
241,vorgashor,67.5833,63.95,-3.83,95,100,5.53,RU,1735258445
242,grunberg,50.594,8.9587,1.17,92,21,1.05,DE,1735258447
243,kyzyl-mazhalyk,51.1333,90.6,-31.64,97,100,0.06,RU,1735258448
244,saint-apollinaire,47.3333,5.0833,-0.21,86,0,1.54,FR,1735258450
245,praia da vitoria,38.7333,-27.0667,15.04,88,95,3.41,PT,1735258451
246,inarajan village,13.2736,144.7484,29.66,84,65,7.46,GU,1735258452
247,paracuru,-3.41,-39.0306,26.67,78,46,6.44,BR,1735258453
248,gao,16.6362,1.637,20.3,14,100,4.96,ML,1735258454
249,cockburn town,21.4612,-71.1419,25.0,76,37,7.06,TC,1735258455
250,morehead city,34.7229,-76.726,8.02,80,100,5.66,US,1735258457
251,champerico,14.3,-91.9167,27.32,70,17,4.42,GT,1735258458
252,gyor,47.6833,17.6351,-3.94,93,12,1.03,HU,1735258459
253,kuala terengganu,5.3302,103.1408,24.97,94,57,0.89,MY,1735258460
254,swift current,50.2834,-107.8014,0.13,82,100,4.96,CA,1735258461
255,singaraja,-8.112,115.0882,26.96,84,100,1.79,ID,1735258462
256,quinte west,44.1834,-77.5662,-4.07,93,11,1.54,CA,1735258463
257,horta,38.5333,-28.6333,17.79,81,95,4.92,PT,1735258465
258,phan rang-thap cham,11.5667,108.9833,23.92,92,100,2.84,VN,1735258466
259,ceerigaabo,10.6162,47.368,11.89,39,3,2.71,SO,1735258467
260,novyy urgal,51.0736,132.5642,-33.26,99,96,0.94,RU,1735258468
261,nemuro,43.3236,145.575,-3.51,56,38,8.39,JP,1735258454
262,huntsville,34.7304,-86.5861,10.93,80,100,4.02,US,1735258409
263,kruisfontein,-34.0033,24.7314,25.95,53,99,2.15,ZA,1735258472
264,peace river,56.2501,-117.286,-8.28,93,97,0.66,CA,1735258473
265,lorengau,-2.0226,147.2712,29.44,71,79,2.36,PG,1735258474
266,urangan,-25.3,152.9,24.88,64,3,6.1,AU,1735258475
267,igarka,67.4667,86.5833,-18.54,97,100,5.67,RU,1735258476
268,humaita,-7.5061,-63.0208,23.95,96,95,0.13,BR,1735258478
269,nikolayevsk-on-amure,53.1406,140.73,-18.0,95,100,3.29,RU,1735258479
270,palmer,42.1584,-72.3287,-3.6,77,4,0.62,US,1735258308
271,okha,53.5739,142.9478,-6.06,90,100,7.78,RU,1735258482
272,hirara,24.8,125.2833,18.86,71,100,11.13,JP,1735258483
273,ancaster,43.2257,-79.9767,0.92,78,77,0.45,CA,1735258484
274,kaiapoi,-43.3783,172.6401,16.72,69,100,8.23,NZ,1735258485
275,suva,-18.1416,178.4415,25.56,90,100,3.79,FJ,1735258486
276,kandyagash,49.4744,57.4233,-2.95,97,100,3.63,KZ,1735258487
277,fosses,49.0981,2.5096,2.93,96,0,2.06,FR,1735258489
278,taoudenni,22.6783,-3.9836,17.98,28,100,5.29,ML,1735258490
279,constitucion,-35.3333,-72.4167,14.94,86,50,1.79,CL,1735258491
280,mananara,-16.1667,49.7667,22.92,87,96,1.17,MG,1735258492
281,vernon,50.2581,-119.2691,3.75,87,100,1.42,CA,1735258270
282,pyt-yakh,60.7499,72.8582,-7.86,92,100,4.49,RU,1735258495
283,baoqing,46.3317,132.2111,-17.36,83,31,4.26,CN,1735258496
284,lagoa,39.05,-27.9833,16.45,80,100,5.58,PT,1735258497
285,aasiaat,68.7098,-52.8699,-16.79,90,100,3.49,GL,1735258498
286,tiksi,71.6872,128.8694,-23.41,99,99,3.97,RU,1735258499
287,cabo san lucas,22.8909,-109.9124,24.17,56,0,5.14,MX,1735258202
288,bamboo flat,11.7,92.7167,25.63,76,17,4.49,IN,1735258501
289,kayenta,36.7278,-110.2546,4.97,50,69,2.29,US,1735258208
290,uturoa,-16.7333,-151.4333,27.38,70,100,3.96,PF,1735258504
291,manismata,-2.4667,111.0333,23.92,96,100,0.97,ID,1735258318
292,mahina,-17.5065,-149.489,29.87,70,0,5.14,PF,1735258506
293,tindouf,27.6711,-8.1474,12.79,36,14,4.44,DZ,1735258510
294,bilisht,40.6275,20.99,0.13,94,87,1.24,AL,1735258511
295,victoria,22.2855,114.1577,19.1,80,100,3.58,HK,1735258513
296,masina,-4.3836,15.3914,22.04,94,99,0.44,CD,1735258514
297,mccomb,31.2438,-90.4531,16.12,100,100,3.6,US,1735258515
298,paulo ramos,-4.2167,-45.1833,27.22,65,69,3.58,BR,1735258516
299,qingyang,37.4958,121.2581,0.43,45,67,6.97,CN,1735258518
300,junin,-34.5838,-60.9433,21.24,40,35,2.39,AR,1735258355
301,kawambwa,-9.7915,29.0791,17.58,91,92,0.79,ZM,1735258520
302,horqueta,-23.3428,-57.0597,22.81,44,0,2.3,PY,1735258521
303,solnechnyy,50.7214,136.6319,-21.79,86,96,1.99,RU,1735258522
304,yanam,16.7333,82.2167,22.8,85,40,2.62,IN,1735258524
305,igrim,63.1906,64.4162,-10.33,95,73,2.51,RU,1735258525
306,vila franca do campo,37.7167,-25.4333,18.27,99,89,2.9,PT,1735258528
307,tofol,5.3248,163.0078,25.88,94,100,6.69,FM,1735258530
308,bara,10.3744,10.7288,18.1,20,44,3.36,NG,1735258531
309,sittwe,20.15,92.9,20.95,53,10,3.49,MM,1735258532
310,turpan,42.9333,89.1667,-9.44,65,0,0.6,CN,1735258534
311,burang,30.25,81.1667,-7.36,39,100,2.26,CN,1735258535
312,kargopol',61.5071,38.9456,1.8,89,99,4.31,RU,1735258536
313,turbiv,49.3479,28.7212,0.94,79,100,4.64,UA,1735258537
314,port arthur,38.8,121.2667,-3.88,50,62,3.8,CN,1735258538
315,galeana,24.8333,-100.0667,13.85,49,0,0.7,MX,1735258540
316,ugoofaaru,5.6667,73.0,26.81,68,33,3.18,MV,1735258541
317,tolanaro,-25.0319,46.9987,23.98,90,41,4.6,MG,1735258405
318,porto novo,6.4965,2.6036,25.45,88,17,2.36,BJ,1735258543
319,alotau,-10.3069,150.4462,31.64,58,74,0.86,PG,1735258544
320,bor,56.3567,44.0669,-1.04,94,100,6.23,RU,1735258545
321,sinabang,2.4803,96.3801,26.33,82,100,1.93,ID,1735258546
322,sofifi,0.7349,127.576,27.54,79,100,1.03,ID,1735258549
323,binzhou,37.3667,118.0167,-2.36,34,100,1.96,CN,1735258550
324,bemidji,47.4736,-94.8803,1.14,100,100,3.6,US,1735258551
325,dordrecht,51.81,4.6736,4.99,97,100,1.34,NL,1735258552
326,ponta delgada,37.7333,-25.6667,18.44,88,20,1.54,PT,1735258553
327,mili,6.0815,171.735,27.34,85,96,8.38,MH,1735258555
328,lubuklinggau,-3.3,102.8667,22.6,93,100,0.53,ID,1735258335
329,eyl,7.9803,49.8164,22.72,80,62,8.38,SO,1735258557
330,marsh harbour,26.5412,-77.0636,23.11,75,97,6.19,BS,1735258436
331,port macquarie,-31.4333,152.9167,26.71,78,14,2.68,AU,1735258559
332,sitka,57.0531,-135.33,6.94,76,75,2.06,US,1735258508
333,la ronge,55.1001,-105.2842,-1.86,69,30,1.54,CA,1735258561
334,sola,-13.8833,167.55,27.37,83,100,1.03,VU,1735258563
335,vallenar,-28.5708,-70.7581,18.66,49,0,2.56,CL,1735258564
336,ulladulla,-35.35,150.4667,29.03,48,100,5.06,AU,1735258565
337,odacho-oda,35.1833,132.5,5.85,64,100,9.22,JP,1735258566
338,labrador city,52.9463,-66.9114,-9.05,86,75,4.92,CA,1735258567
339,mchinji,-13.7984,32.8802,19.18,79,96,1.72,MW,1735258568
340,selfoss,63.9331,-20.9971,3.91,93,100,14.51,IS,1735258569
341,conil de la frontera,36.2772,-6.0885,14.48,76,12,11.3,ES,1735258571
342,neryungri,56.6709,124.6491,-19.82,97,100,2.18,RU,1735258572
343,antonio enes,-16.2325,39.9086,25.5,85,80,1.92,MZ,1735258573
344,sanctuary point,-35.1114,150.629,30.71,45,100,3.19,AU,1735258575
345,geneina,13.45,22.45,18.45,19,59,3.68,SD,1735258576
346,mozhaysk,55.5019,36.0272,1.19,100,100,2.96,RU,1735258578
347,wanxian,30.8039,108.3897,8.77,81,85,1.1,CN,1735258579
348,castillos,-34.1667,-53.8333,17.22,88,74,4.36,UY,1735258580
349,sompeta,18.9333,84.6,21.0,83,0,3.04,IN,1735258581
350,villa tecolutilla,18.2833,-93.3167,23.51,86,53,1.79,MX,1735258583
351,dunedin,-45.8742,170.5036,14.62,69,7,3.56,NZ,1735258584
352,sao francisco do sul,-26.2433,-48.6381,22.76,94,40,0.0,BR,1735258572
353,broome,42.2506,-75.833,-5.74,88,0,0.0,US,1735258587
354,caiaponia,-16.9567,-51.8103,20.26,98,100,1.31,BR,1735258588
355,zarghun shahr,32.8473,68.4457,-0.45,30,0,1.9,AF,1735258589
356,ojinaga,29.5667,-104.4167,19.53,20,0,1.54,MX,1735258590
357,lichinga,-13.3128,35.2406,20.05,77,0,2.06,MZ,1735258591
358,marktoberdorf,47.7833,10.6167,-3.97,34,19,1.03,DE,1735258593
359,lerwick,60.1545,-1.1494,7.56,85,100,7.43,GB,1735258594
360,emerald,-23.5333,148.1667,29.63,44,2,5.2,AU,1735258595
361,brookings,44.3114,-96.7984,2.32,99,100,5.14,US,1735258596
362,ust-nera,64.5667,143.2,-31.8,100,100,1.58,RU,1735258597
363,zaltan,32.947,11.8665,11.83,71,61,4.84,LY,1735258598
364,lospalos,-8.5186,127.0025,25.59,80,96,1.32,TL,1735258599
365,las lomitas,-24.7096,-60.593,23.22,39,0,2.41,AR,1735258601
366,lesparre-medoc,45.3,-0.9333,4.9,94,0,2.03,FR,1735258602
367,kameshkovo,56.3481,41.0047,0.47,97,96,4.77,RU,1735258603
368,watampone,-4.5386,120.3279,27.5,76,100,1.36,ID,1735258604
369,sheridan,44.8333,-106.9173,2.21,87,100,2.57,US,1735258605
370,brumadinho,-20.1433,-44.1997,20.46,97,100,0.47,BR,1735258606
371,saudarkrokur,65.7461,-19.6394,2.82,91,100,7.82,IS,1735258607
372,tommot,58.9564,126.2925,-16.95,96,100,3.23,RU,1735258334
373,amarante do maranhao,-5.5667,-46.7422,24.8,72,100,1.36,BR,1735258610
374,utrik,11.2278,169.8474,27.41,78,93,8.31,MH,1735258611
375,angra do heroismo,38.65,-27.2167,16.34,94,20,3.69,PT,1735258612
376,la gi,10.6667,107.7833,24.93,87,100,2.51,VN,1735258613
377,an nuhud,12.7,28.4333,17.59,17,6,5.3,SD,1735258614
378,saldanha,-33.0117,17.9442,18.77,96,87,3.38,ZA,1735258615
379,kourou,5.1552,-52.6478,24.22,89,69,2.52,GF,1735258617
380,fuling,29.7022,107.3919,8.87,81,92,0.58,CN,1735258618
381,multan,30.1956,71.4753,7.94,81,0,0.0,PK,1735258619
382,almeirim,-1.5233,-52.5817,28.2,59,70,2.58,BR,1735258620
383,robore,-18.3333,-59.75,22.68,40,30,0.94,BO,1735258621
384,toamasina,-18.1667,49.3833,24.19,79,96,0.66,MG,1735258622
385,leiyang,26.4024,112.8591,8.07,50,100,1.64,CN,1735258624
386,puerto armuelles,8.2833,-82.8667,23.94,93,94,0.45,PA,1735258625
387,bela,25.9333,81.9833,15.36,61,0,0.53,IN,1735258626
388,charters towers,-20.1,146.2667,28.09,53,33,3.41,AU,1735258627
389,alta,69.9689,23.2717,-0.41,81,40,16.09,NO,1735258575
390,piacabucu,-10.4056,-36.4344,25.96,72,28,5.13,BR,1735258629
391,enewetak,11.3474,162.3373,27.42,75,62,9.67,MH,1735258630
392,nouadhibou,20.931,-17.0347,17.99,77,2,6.69,MR,1735258632
393,nishinoomote,30.7333,131.0,12.31,66,75,9.77,JP,1735258633
394,valparaiso,-33.0393,-71.6273,16.8,72,20,2.57,CL,1735258455
395,hurghada,27.2574,33.8129,14.18,35,86,6.13,EG,1735258635
396,pacific grove,36.6177,-121.9166,14.68,95,100,1.34,US,1735258636
397,mzimba,-11.9,33.6,18.7,79,96,3.14,MW,1735258637
398,gravenhurst,44.9168,-79.3663,-2.9,80,100,3.09,CA,1735258638
399,turochak,52.2576,87.1224,-19.33,97,76,1.46,RU,1735258640
400,al qubbah,32.7616,22.2424,7.54,89,2,5.96,LY,1735258641
401,viqueque,-8.8673,126.3658,25.07,91,91,0.76,TL,1735258643
402,viljoenskroon,-27.2084,26.9485,18.66,75,8,2.08,ZA,1735258644
403,shingu,33.7333,135.9833,7.57,58,1,6.91,JP,1735258487
404,les cayes,18.2,-73.75,25.43,84,94,0.7,HT,1735258646
405,alofi,-19.0595,-169.9187,28.94,84,75,5.66,NU,1735258647
406,ola,59.5833,151.2833,-21.65,76,97,3.37,RU,1735258649
407,kralendijk,12.15,-68.2667,27.99,74,20,6.69,BQ,1735258650
408,laguna,38.421,-121.4238,13.08,76,100,3.6,US,1735258372
409,betio village,1.358,172.9211,30.02,80,72,8.18,KI,1735258652
410,ahwa,20.75,73.6833,20.63,66,78,1.14,IN,1735258653
411,mirnyy,62.5353,113.9611,-21.38,99,99,1.87,RU,1735258654
412,camocim,-2.9022,-40.8411,26.54,81,41,6.25,BR,1735258393
413,kailua-kona,19.6406,-155.9956,28.49,70,40,5.66,US,1735258658
414,kokoda,-8.8785,147.7407,30.09,73,100,0.87,PG,1735258659
415,bucaramanga,7.1254,-73.1198,21.73,100,75,2.57,CO,1735258660
416,caibarien,22.5206,-79.4669,24.34,85,96,5.7,CU,1735258661
417,kotlas,61.2611,46.6556,1.77,97,100,5.33,RU,1735258662
418,languyan,5.2618,120.0807,25.34,86,100,2.1,PH,1735258664
419,zuunmod,47.7069,106.9528,-29.43,93,70,1.05,MN,1735258665
420,tazovsky,67.4667,78.7,-8.31,95,100,6.07,RU,1735258666
421,ebon,4.582,168.6964,27.78,82,73,6.46,MH,1735258667
422,vila velha,-20.3297,-40.2925,26.08,84,20,3.58,BR,1735258600
423,honcho,35.6931,139.9833,9.03,39,20,1.03,JP,1735258670
424,rexburg,43.826,-111.7897,0.99,100,100,5.66,US,1735258428
425,tura,25.5198,90.2201,13.68,70,0,2.02,IN,1735258672
426,dalandzadgad,43.5708,104.425,-13.56,45,0,0.62,MN,1735258673
427,ta`u,-14.2336,-169.5144,28.59,69,95,4.96,AS,1735258675
428,portland,45.5234,-122.6762,10.45,91,60,3.58,US,1735258676
429,inari,68.906,27.0288,0.22,77,67,6.32,FI,1735258677
430,pinsk,52.1229,26.0951,1.22,87,100,2.93,BY,1735258678
431,mugumu,-1.85,34.7,14.59,90,61,1.66,TZ,1735258679
432,carauari,-4.8828,-66.8958,23.44,98,93,0.39,BR,1735258680
433,yuzhno-kurilsk,44.0306,145.8556,-3.25,69,68,9.18,RU,1735258681
434,fortuna,40.5982,-124.1573,11.63,96,75,1.34,US,1735258683
435,villa maria,-32.4075,-63.2402,20.46,71,0,3.8,AR,1735258517
436,tashtagol,52.7657,87.8894,-13.76,88,90,1.99,RU,1735258685
437,chibougamau,49.9168,-74.3659,-5.21,93,100,3.09,CA,1735258686
438,farsan,32.2569,50.561,-6.98,48,39,2.05,IR,1735258688
439,queenstown,-31.8976,26.8753,19.37,63,80,2.97,ZA,1735258572
440,alghero,40.5589,8.3181,3.05,93,0,0.51,IT,1735258691
441,daru,-9.0763,143.2092,29.28,75,77,2.59,PG,1735258692
442,doka,13.5167,35.7667,23.48,41,7,3.69,SD,1735258693
443,nuuk,64.1835,-51.7216,-12.66,61,75,6.71,GL,1735258694
444,khawr fakkan,25.3313,56.342,19.86,66,0,0.47,AE,1735258695
445,buala,-8.145,159.5921,28.47,75,100,2.06,SB,1735258696
446,jepelacio,-6.1167,-76.95,17.96,98,99,0.65,PE,1735258698
447,arraial do cabo,-22.9661,-42.0278,23.89,96,100,3.65,BR,1735258699
448,kedougou,12.5579,-12.1743,23.77,11,20,1.25,SN,1735258516
449,nar'yan-mar,67.6713,53.087,-5.07,93,100,4.74,RU,1735258701
450,ar ruways,24.1103,52.7306,18.68,79,0,2.74,AE,1735258702
451,birao,10.2849,22.7882,20.13,19,65,3.34,CF,1735258703
452,sukhodol,53.9006,51.2117,-9.84,98,92,2.94,RU,1735258705
453,sparti,37.0733,22.4297,7.39,88,100,5.86,GR,1735258706
454,saint-philippe,-21.3585,55.7679,24.64,71,52,4.29,RE,1735258707
455,wacheng,33.7833,114.5167,0.12,40,13,2.4,CN,1735258708
456,santarem,-2.4431,-54.7083,27.07,83,20,1.03,BR,1735258582
457,tshikapa,-6.4167,20.8,20.82,99,100,1.47,CD,1735258552
458,new norfolk,-42.7826,147.0587,18.73,63,97,6.43,AU,1735258712
459,kaindy,42.8247,73.6759,-0.3,63,100,2.97,KG,1735258713
460,beyneu,45.3167,55.2,-1.53,74,82,4.47,KZ,1735258714
461,nicoya,10.1483,-85.452,24.23,85,99,0.61,CR,1735258715
462,acapulco de juarez,16.8634,-99.8901,27.9,69,0,5.14,MX,1735258636
463,arauquita,7.0292,-71.4281,25.76,68,45,0.62,CO,1735258718
464,ikalamavony,-21.15,46.5833,20.67,87,92,1.76,MG,1735258719
465,andergrove,-21.0833,149.1833,26.52,60,34,3.44,AU,1735258720
466,yakeshi,49.2833,120.7333,-32.89,100,100,1.39,CN,1735258721
467,egilsstadir,65.2653,-14.3948,2.95,70,0,5.66,IS,1735258722
468,douentza,14.9951,-2.9517,20.13,12,32,1.98,ML,1735258723
469,ghadamis,30.1337,9.5007,6.81,57,0,2.38,LY,1735258725
470,sumbawa besar,-8.5,117.4333,27.31,83,92,0.8,ID,1735258727
471,berdigestyakh,62.0989,126.6992,-26.82,100,100,0.55,RU,1735258728
472,conceicao da barra,-18.5933,-39.7322,24.87,85,99,4.55,BR,1735258729
473,colonel hill,22.7667,-74.2167,24.62,71,100,8.39,BS,1735258730
474,nadym,65.5333,72.5167,-7.76,95,100,6.75,RU,1735258732
475,pilar,-9.5972,-35.9567,23.96,77,37,2.79,BR,1735258733
476,kill devil hills,36.0307,-75.676,8.32,78,100,5.66,US,1735258629
477,arroyito,-31.4202,-63.05,23.39,34,0,3.19,AR,1735258735
478,touros,-5.1989,-35.4608,26.76,75,99,6.19,BR,1735258587
479,mizdah,31.4451,12.9801,7.17,74,18,4.84,LY,1735258738
480,axim,4.8699,-2.2405,26.47,87,14,2.28,GH,1735258573
481,assab,13.0092,42.7394,24.81,70,0,11.14,ER,1735258740
482,miri,4.4148,114.0089,24.08,100,40,1.03,MY,1735258741
483,yorkton,51.2167,-102.4677,-8.96,89,37,2.96,CA,1735258502
484,bikenibeu village,1.3673,173.1241,29.98,74,20,8.23,KI,1735258743
485,ciudad bolivar,8.1222,-63.5497,29.96,42,58,6.27,VE,1735258744
486,gbadolite,4.2833,21.0167,23.86,38,87,0.91,CD,1735258746
487,waingapu,-9.6567,120.2641,28.49,76,99,2.92,ID,1735258747
488,mana,5.6592,-53.7767,25.11,83,80,3.29,GF,1735258748
489,severo-yeniseyskiy,60.3725,93.0408,-9.31,91,100,5.39,RU,1735258749
490,tanumah,27.1,44.1333,17.43,36,2,6.58,SA,1735258750
491,pervomayskoye,43.919,46.7102,5.73,86,100,2.82,RU,1735258751
492,boende,-0.2167,20.8667,22.49,97,98,1.15,CD,1735258752
493,richards bay,-28.783,32.0377,21.94,79,58,5.12,ZA,1735258754
494,jastrzebie zdroj,49.9554,18.5748,-2.71,70,8,1.19,PL,1735258755
495,mount pearl,47.5166,-52.7813,2.3,97,100,9.26,CA,1735258756
496,holdrege,40.4403,-99.3698,3.95,100,100,2.57,US,1735258755
497,north tamworth,-31.0778,150.9261,33.06,31,20,10.8,AU,1735258758
498,bandarbeyla,9.4942,50.8122,23.78,75,65,9.31,SO,1735258759
499,khorixas,-20.3667,14.9667,24.02,41,99,1.51,NA,1735258761
500,nizhnesortymskiy,62.4397,71.7603,-9.48,95,100,6.73,RU,1735258762
501,timbiqui,2.7717,-77.6654,24.26,93,90,1.82,CO,1735258763
502,pimentel,-6.8367,-79.9342,25.16,57,75,5.66,PE,1735258764
503,tokonou,9.65,-9.7833,20.14,24,100,1.39,GN,1735258765
504,debark',13.1561,37.8981,9.8,60,2,1.33,ET,1735258572
505,hit,33.6416,42.8251,15.06,46,100,4.63,IQ,1735258632
506,cidade velha,14.9167,-23.6167,22.54,82,26,4.57,CV,1735258769
507,kharp,66.8014,65.8081,-11.79,98,100,1.45,RU,1735258770
508,mutuali,-14.8706,37.0044,21.54,94,100,1.22,MZ,1735258771
509,raduzhny,62.0961,77.475,-6.95,93,100,5.21,RU,1735258772
510,laojunmiao,39.8333,97.7333,-13.49,51,2,2.94,CN,1735258694
511,neyriz,29.1988,54.3278,4.15,41,1,0.67,IR,1735258776
512,mabai,23.0128,104.4508,8.7,95,100,0.94,CN,1735258777
513,gwadar,25.1216,62.3254,20.65,32,0,4.19,PK,1735258778
514,kalemie,-5.9475,29.1947,20.46,92,96,1.61,CD,1735258779
515,chernyshevskiy,63.0128,112.4714,-24.86,100,96,0.84,RU,1735258780
516,gadzhiyevo,69.2551,33.3362,0.57,79,55,15.13,RU,1735258781
517,kudahuvadhoo,2.6708,72.8944,27.65,77,92,5.05,MV,1735258782
518,jinchang,38.4953,102.1739,-12.46,73,29,1.27,CN,1735258784
519,ogwashi-uku,6.1782,6.5243,23.03,86,15,1.97,NG,1735258785
520,phu khiao,16.3765,102.1285,20.48,75,67,1.25,TH,1735258786
521,pedro carbo,-1.8333,-80.2333,25.93,68,95,0.72,EC,1735258571
522,beloyarskiy,63.7119,66.6722,-9.56,96,100,2.69,RU,1735258788
523,fada n'gourma,12.0622,0.3578,22.1,14,74,4.17,BF,1735258790
524,kitangari,-10.65,39.3333,20.41,86,72,1.62,TZ,1735258791
525,beichengqu,40.4394,113.1536,-15.42,65,18,2.5,CN,1735258792
526,colares,38.7992,-9.4469,12.11,77,84,2.86,PT,1735258793
527,belyy yar,53.6039,91.3903,-28.06,83,40,1.0,RU,1735258794
528,korla,41.7597,86.1469,-12.07,83,1,2.13,CN,1735258795
529,fort st. john,56.2499,-120.8529,-4.06,80,100,3.09,CA,1735258727
530,kiuruvesi,63.65,26.6167,0.13,87,6,4.59,FI,1735258798
531,pathein,16.7833,94.7333,18.78,80,7,1.69,MM,1735258799
532,aghajari,30.7006,49.8315,11.12,54,40,2.06,IR,1735258800
533,awjilah,29.1081,21.2869,10.64,77,16,7.46,LY,1735258801
534,khandyga,62.6667,135.6,-40.82,100,92,0.16,RU,1735258802
535,taroudant,30.4703,-8.877,16.64,27,83,1.15,MA,1735258803
536,fray luis a. beltran,-32.7912,-60.7282,20.98,64,0,3.6,AR,1735258804
537,labytnangi,66.6572,66.4183,-10.94,96,100,2.46,RU,1735258806
538,horsham,51.064,-0.3272,6.85,89,75,0.51,GB,1735258807
539,konarka,19.9,86.1167,19.05,58,1,4.31,IN,1735258808
540,valdez,1.2492,-78.9831,25.72,82,62,4.28,EC,1735258571
541,quila,24.4228,-107.22,22.28,40,0,3.32,MX,1735258810
542,piti village,13.4626,144.6933,30.03,81,61,7.18,GU,1735258812
543,eastham,41.8301,-69.9739,1.64,82,76,0.89,US,1735258813
544,caucete,-31.6518,-68.2811,31.84,18,33,4.17,AR,1735258814
545,el granada,37.5027,-122.4694,16.18,87,100,4.12,US,1735258815
546,murzuq,25.9155,13.9184,6.75,53,0,2.63,LY,1735258816
547,dryden,49.7833,-92.7503,0.16,93,100,4.12,CA,1735258573
548,la sarre,48.8002,-79.1996,-2.32,91,100,4.31,CA,1735258815
549,coos bay,43.3665,-124.2179,10.18,93,100,5.14,US,1735258821
550,tandil,-37.3217,-59.1332,18.57,51,24,5.3,AR,1735258822
551,sagua la grande,22.8067,-80.0756,22.67,92,100,3.15,CU,1735258823
552,altay,47.8667,88.1167,-14.52,51,6,3.65,CN,1735258825
553,colon,9.3592,-79.9014,27.27,92,89,2.24,PA,1735258826
554,el bauga,18.262,33.9081,18.79,28,7,4.96,SD,1735258827
555,kosh-agach,50.0,88.6667,-31.89,87,83,1.08,RU,1735258829
556,kone,-21.0595,164.8658,28.52,46,10,4.13,NC,1735258831
557,santiago de cao,-7.9589,-79.2392,20.07,77,75,4.12,PE,1735258832
558,novo selo,41.4139,22.8811,1.63,83,99,3.18,MK,1735258833
559,sanand,22.9833,72.3833,19.12,63,74,2.14,IN,1735258834
560,turbat,26.0023,63.044,15.08,23,0,2.42,PK,1735258835
561,mont-joli,48.5839,-68.1921,-11.28,85,0,2.06,CA,1735258836
562,al jawf,29.5,38.75,12.96,27,100,4.28,SA,1735258838
563,gazojak,41.1875,61.4036,0.04,45,13,3.36,TM,1735258692
564,mabaruma,8.2,-59.7833,21.97,88,65,1.31,GY,1735258840
565,bairnsdale,-37.8333,147.6167,25.03,34,67,1.79,AU,1735258841
566,yakutsk,62.0339,129.7331,-38.02,67,92,2.0,RU,1735258842
567,beau vallon,-20.4189,57.6953,24.13,83,40,3.09,MU,1735258844
568,puerto lleras,3.0223,-73.4044,25.69,72,79,0.71,CO,1735258846
569,walvis bay,-22.9575,14.5053,16.2,94,6,2.32,NA,1735258847
570,deland,29.0283,-81.3031,18.85,92,100,0.45,US,1735258848
571,ploneour-lanvern,47.9,-4.2833,6.18,89,100,3.09,FR,1735258849
572,zemio,5.0314,25.1361,22.04,40,99,1.38,CF,1735258850
